{"stats":{"minecraft:picked_up":{"minecraft:feather":1,"minecraft:chicken":1,"minecraft:wheat_seeds":1,"minecraft:dirt":5},"minecraft:killed":{"minecraft:chicken":1},"minecraft:mined":{"minecraft:grass":5,"minecraft:grass_block":3,"minecraft:dirt":2},"minecraft:dropped":{"minecraft:feather":1,"minecraft:chicken":1,"minecraft:wheat_seeds":1},"minecraft:custom":{"minecraft:time_since_rest":1386,"minecraft:crouch_one_cm":103,"minecraft:play_time":1386,"minecraft:sprint_one_cm":1919,"minecraft:walk_one_cm":4844,"minecraft:sneak_time":70,"minecraft:mob_kills":1,"minecraft:drop":3,"minecraft:jump":29,"minecraft:damage_dealt":40,"minecraft:leave_game":1,"minecraft:time_since_death":1386,"minecraft:total_world_time":1386,"minecraft:fall_one_cm":896,"minecraft:fly_one_cm":1814},"minecraft:used":{"minecraft:dirt":5}},"DataVersion":3337}